10	3.159046173151214276231257827021e-06	1.665334536937734810635447502136e-16
20	2.980232238880553552462515654042e-06	3.330669073875469621270895004272e-16
30	3.814697265791533453693773481064e-06	1.165734175856414367444813251495e-15
40	4.768371582253294604925031308085e-06	1.554312234475219156593084335327e-15
50	5.722045898715055756156289135106e-06	2.053912595556539599783718585968e-15
60	6.675720215176816907387546962127e-06	5.662137425588298356160521507263e-15
70	7.629394531638578058618804789148e-06	9.270362255620057112537324428558e-15
80	8.583068848100339209850062616169e-06	1.287858708565181586891412734985e-14
90	4.768371582530850361081320443191e-06	1.648681191568357462529093027115e-14
100	9.536743169613615123125782702118e-07	2.009503674571533338166773319244e-14
110	2.861022948608127336456163902767e-06	2.370326157574709213804453611374e-14
120	6.675720214177616185224906075746e-06	2.731148640577885089442133903503e-14
130	1.049041747974710503399364824872e-05	3.091971123581060965079814195633e-14
140	1.430511474531659388276239042170e-05	3.452793606584236840717494487762e-14
150	1.811981201088608273153113259468e-05	3.813616089587412716355174779892e-14
160	2.098083496004932158029987476766e-05	4.174438572590588591992855072021e-14
170	2.479553222561881042906861694064e-05	2.936539900133539049420505762100e-14
180	2.861022949118829927783735911362e-05	1.521005543736464460380375385284e-14
190	3.242492675675778812660610128660e-05	1.054711873393898713402450084686e-15
200	3.623962402232727697537484345958e-05	1.310063169057684717699885368347e-14
210	4.005432128789676582414358563256e-05	2.725597525454759306740015745163e-14
220	4.386901855346625467291232780553e-05	4.141131881851833895780146121979e-14
230	4.768371581903574352168106997851e-05	5.556666238248908484820276498795e-14
240	5.149841308460523237044981215149e-05	6.972200594645983073860406875610e-14
250	5.531311035017472121921855432447e-05	8.387734951043057662900537252426e-14
260	5.912780761574421006798729649745e-05	9.803269307440132251940667629242e-14
270	6.294250488131369891675603867043e-05	1.121880366383720684098079800606e-13
280	6.675720214688318776552478084341e-05	1.263433802023428143002092838287e-13
290	7.057189941245267661429352301639e-05	1.404987237663135601906105875969e-13
300	7.438659667802216546306226518936e-05	1.546540673302843060810118913651e-13
310	7.820129394359165431183100736234e-05	1.688094108942550519714131951332e-13
320	8.010864257634864316059974953532e-05	1.829647544582257978618144989014e-13
330	6.484985351379313200936849170830e-05	1.971200980221965437522158026695e-13
340	4.959106445123762085813723388128e-05	2.112754415861672896426171064377e-13
350	3.433227538868210970690597605426e-05	2.254307851501380355330184102058e-13
360	1.907348632612659855567471822724e-05	2.395861287141087814234197139740e-13
370	3.814697263571087404443460400216e-06	2.537414722780795273138210177422e-13
380	1.144409179898442374678779742680e-05	2.678968158420502732042223215103e-13
390	2.670288086153993489801905525383e-05	2.820521594060210190946236252785e-13
400	4.196166992409544604925031308085e-05	2.962075029699917649850249290466e-13
410	5.722045898665095720048157090787e-05	3.103628465339625108754262328148e-13
420	7.247924804920646835171282873489e-05	3.245181900979332567658275365829e-13
430	8.773803711176197950294408656191e-05	3.386735336619040026562288403511e-13
440	1.029968261743174906541753443889e-04	3.528288772258747485466301441193e-13
450	1.182556152368730018054066022160e-04	3.669842207898454944370314478874e-13
460	1.335144042994285129566378600430e-04	3.811395643538162403274327516556e-13
470	1.487731933619840241078691178700e-04	3.952949079177869862178340554237e-13
480	1.640319824245395352591003756970e-04	4.094502514817577321082353591919e-13
490	1.792907714870950464103316335240e-04	4.236055950457284779986366629601e-13
500	1.945495605496505575615628913511e-04	4.377609386096992238890379667282e-13
510	2.098083496122060687127941491781e-04	4.519162821736699697794392704964e-13
520	2.250671386747615798640254070051e-04	4.660716257376407156698405742645e-13
530	2.403259277373170910152566648321e-04	4.802269693016114615602418780327e-13
540	2.555847167998726021664879226591e-04	4.943823128655822074506431818008e-13
550	2.708435058624281133177191804862e-04	5.085376564295529533410444855690e-13
560	2.861022949249836244689504383132e-04	5.226929999935236992314457893372e-13
570	3.013610839875391356201816961402e-04	5.368483435574944451218470931053e-13
580	3.166198730500946467714129539672e-04	5.510036871214651910122483968735e-13
590	3.318786621126501579226442117942e-04	5.651590306854359369026497006416e-13
600	3.471374511752056690738754696213e-04	5.793143742494066827930510044098e-13
610	3.623962402377611802251067274483e-04	5.934697178133774286834523081779e-13
620	3.776550293003166913763379852753e-04	6.076250613773481745738536119461e-13
630	3.929138183628722025275692431023e-04	6.217804049413189204642549157143e-13
640	4.081726074254277136788005009294e-04	6.359357485052896663546562194824e-13
650	4.196166992223582248300317587564e-04	5.790368184932503936579450964928e-13
660	4.348754882849137359812630165834e-04	5.221378884812111209612339735031e-13
670	4.501342773474692471324942744104e-04	4.652389584691718482645228505135e-13
680	4.653930664100247582837255322374e-04	4.083400284571325755678117275238e-13
690	4.806518554725802694349567900645e-04	3.514410984450933028711006045341e-13
700	4.959106445351357805861880478915e-04	2.945421684330540301743894815445e-13
710	5.111694335976912917374193057185e-04	2.376432384210147574776783585548e-13
720	5.264282226602468028886505635455e-04	1.807443084089754847809672355652e-13
730	5.416870117228023140398818213725e-04	1.238453783969362120842561125755e-13
740	5.569458007853578251911130791996e-04	6.694644838489693938754498958588e-14
750	5.722045898479133363423443370266e-04	1.004751837285766669083386659622e-14
760	5.874633789104688474935755948536e-04	4.685141163918160600587725639343e-14
770	6.027221679730243586448068526806e-04	1.037503416512208787025883793831e-13
780	6.179809570355798697960381105077e-04	1.606492716632601513992995023727e-13
790	6.332397460981353809472693683347e-04	2.175482016752994240960106253624e-13
800	6.484985351606908920985006261617e-04	2.744471316873386967927217483521e-13
810	6.637573242232464032497318839887e-04	3.313460616993779694894328713417e-13
820	6.790161132858019144009631418157e-04	3.882449917114172421861439943314e-13
830	6.942749023483574255521943996428e-04	4.451439217234565148828551173210e-13
840	7.095336914109129367034256574698e-04	5.020428517354957875795662403107e-13
850	7.247924804734684478546569152968e-04	5.589417817475350602762773633003e-13
860	7.400512695360239590058881731238e-04	6.158407117595743329729884862900e-13
870	7.553100585985794701571194309508e-04	6.727396417716136056696996092796e-13
880	7.705688476611349813083506887779e-04	7.296385717836528783664107322693e-13
890	7.858276367236904924595819466049e-04	7.865375017956921510631218552589e-13
900	8.010864257862460036108132044319e-04	8.434364318077314237598329782486e-13
910	8.163452148488015147620444622589e-04	9.003353618197706964565441012383e-13
920	8.316040039113570259132757200859e-04	9.572342918318099691532552242279e-13
930	8.468627929739125370645069779130e-04	1.014133221843849241849966347218e-12
940	8.621215820364680482157382357400e-04	1.071032151855888514546677470207e-12
950	8.773803710990235593669694935670e-04	1.127931081867927787243388593197e-12
960	8.926391601615790705182007513940e-04	1.184830011879967059940099716187e-12
970	9.078979492241345816694320092211e-04	1.241728941892006332636810839176e-12
980	9.231567382866900928206632670481e-04	1.298627871904045605333521962166e-12
990	9.384155273492456039718945248751e-04	1.355526801916084878030233085155e-12
1000	9.536743164118011151231257827021e-04	1.412425731928124150726944208145e-12
1010	9.689331054743566262743570405291e-04	1.469324661940163423423655331135e-12
1020	9.841918945369121374255882983562e-04	1.526223591952202696120366454124e-12
1030	9.994506835994676485768195561832e-04	1.583122521964241968817077577114e-12
1040	1.014709472662023159728050814010e-03	1.640021451976281241513788700104e-12
1050	1.029968261724578670879282071837e-03	1.696920381988320514210499823093e-12
1060	1.045227050787134182030513329664e-03	1.753819312000359786907210946083e-12
1070	1.060485839849689693181744587491e-03	1.810718242012399059603922069073e-12
1080	1.075744628912245204332975845318e-03	1.867617172024438332300633192062e-12
1090	1.091003417974800715484207103145e-03	1.924516102036477604997344315052e-12
1100	1.106262207037356226635438360972e-03	1.981415032048516877694055438042e-12
1110	1.121520996099911737786669618799e-03	2.038313962060556150390766561031e-12
1120	1.136779785162467248937900876626e-03	2.095212892072595423087477684021e-12
1130	1.152038574225022760089132134453e-03	2.152111822084634695784188807011e-12
1140	1.167297363287578271240363392280e-03	2.209010752096673968480899930000e-12
1150	1.182556152350133782391594650107e-03	2.265909682108713241177611052990e-12
1160	1.197814941412689293542825907934e-03	2.322808612120752513874322175980e-12
1170	1.213073730475244804694057165761e-03	2.379707542132791786571033298969e-12
1180	1.228332519537800315845288423588e-03	2.436606472144831059267744421959e-12
1190	1.243591308600355826996519681416e-03	2.493505402156870331964455544949e-12
1200	1.258850097662911338147750939243e-03	2.550404332168909604661166667938e-12
1210	1.274108886725466849298982197070e-03	2.607303262180948877357877790928e-12
1220	1.289367675788022360450213454897e-03	2.664202192192988150054588913918e-12
1230	1.304626464850577871601444712724e-03	2.721101122205027422751300036907e-12
1240	1.319885253913133382752675970551e-03	2.778000052217066695448011159897e-12
1250	1.335144042975688893903907228378e-03	2.834898982229105968144722282887e-12
1260	1.350402832038244405055138486205e-03	2.891797912241145240841433405876e-12
1270	1.365661621100799916206369744032e-03	2.948696842253184513538144528866e-12
1280	1.380920410163355427357601001859e-03	3.005595772265223786234855651855e-12
1290	1.327514648444660938508832259686e-03	3.048283847562061055214144289494e-12
1300	1.266479492194716449660063517513e-03	3.105182777574100327910855412483e-12
1310	1.205444335944771960811294775340e-03	3.162081707586139600607566535473e-12
1320	1.144409179694827471962526033167e-03	3.218980637598178873304277658463e-12
1330	1.083374023444882983113757290994e-03	3.275879567610218146000988781452e-12
1340	1.022338867194938494264988548821e-03	3.332778497622257418697699904442e-12
1350	9.613037109449940054162198066479e-04	3.389677427634296691394411027431e-12
1360	9.002685546950495165674510644749e-04	3.446576357646335964091122150421e-12
1370	8.392333984451050277186823223019e-04	3.503475287658375236787833273411e-12
1380	7.781982421951605388699135801289e-04	3.560374217670414509484544396400e-12
1390	7.171630859452160500211448379559e-04	3.617273147682453782181255519390e-12
1400	6.561279296952715611723760957830e-04	3.674172077694493054877966642380e-12
1410	5.950927734453270723236073536100e-04	3.731071007706532327574677765369e-12
1420	5.340576171953825834748386114370e-04	3.787969937718571600271388888359e-12
1430	4.730224609454380946260698692640e-04	3.844868867730610872968100011349e-12
1440	4.119873046954936057773011270911e-04	3.901767797742650145664811134338e-12
1450	3.509521484455491169285323849181e-04	3.958666727754689418361522257328e-12
1460	2.899169921956046280797636427451e-04	4.015565657766728691058233380318e-12
1470	2.288818359456601392309949005721e-04	4.072464587778767963754944503307e-12
1480	1.678466796957156503822261583991e-04	4.129363517790807236451655626297e-12
1490	1.068115234457711615334574162262e-04	4.186262447802846509148366749287e-12
1500	4.577636719582667268468867405318e-05	4.243161377814885781845077872276e-12
1510	1.525878905411781616408006811980e-05	4.300060307826925054541788995266e-12
1520	7.629394530406230501284881029278e-05	4.356959237838964327238500118256e-12
1530	1.373291015540067938616175524658e-04	4.413858167851003599935211241245e-12
1540	1.983642578039512827103862946387e-04	4.470757097863042872631922364235e-12
1550	2.593994140538957715591550368117e-04	4.527656027875082145328633487225e-12
1560	3.204345703038402604079237789847e-04	4.584554957887121418025344610214e-12
1570	3.814697265537847492566925211577e-04	4.641453887899160690722055733204e-12
1580	4.425048828037292381054612633307e-04	4.698352817911199963418766856194e-12
1590	5.035400390536737269542300055036e-04	4.755251747923239236115477979183e-12
1600	5.645751953036182158029987476766e-04	4.812150677935278508812189102173e-12
1610	6.256103515535627046517674898496e-04	4.869049607947317781508900225163e-12
1620	6.866455078035071935005362320226e-04	4.925948537959357054205611348152e-12
1630	7.476806640534516823493049741955e-04	4.982847467971396326902322471142e-12
1640	8.087158203033961711980737163685e-04	5.039746397983435599599033594131e-12
1650	8.697509765533406600468424585415e-04	5.096645327995474872295744717121e-12
1660	9.307861328032851488956112007145e-04	5.153544258007514144992455840111e-12
1670	9.918212890532296377443799428875e-04	5.210443188019553417689166963100e-12
1680	1.052856445303174126593148685060e-03	5.267342118031592690385878086090e-12
1690	1.113891601553118615441917427233e-03	5.324241048043631963082589209080e-12
1700	1.174926757803063104290686169406e-03	5.381139978055671235779300332069e-12
1710	1.235961914053007593139454911579e-03	5.438038908067710508476011455059e-12
1720	1.296997070302952081988223653752e-03	5.494937838079749781172722578049e-12
1730	1.358032226552896570836992395925e-03	5.551836768091789053869433701038e-12
1740	1.419067382802841059685761138098e-03	5.608735698103828326566144824028e-12
1750	1.480102539052785548534529880271e-03	5.665634628115867599262855947018e-12
1760	1.541137695302730037383298622444e-03	5.722533558127906871959567070007e-12
1770	1.602172851552674526232067364617e-03	5.779432488139946144656278192997e-12
1780	1.663208007802619015080836106790e-03	5.836331418151985417352989315987e-12
1790	1.724243164052563503929604848963e-03	5.893230348164024690049700438976e-12
1800	1.785278320302507992778373591136e-03	5.950129278176063962746411561966e-12
1810	1.846313476552452481627142333309e-03	6.007028208188103235443122684956e-12
1820	1.907348632802396970475911075482e-03	6.063927138200142508139833807945e-12
1830	1.968383789052341459324679817655e-03	6.120826068212181780836544930935e-12
1840	2.029418945302285948173448559828e-03	6.177724998224221053533256053925e-12
1850	2.090454101552230437022217302001e-03	6.234623928236260326229967176914e-12
1860	2.151489257802174925870986044174e-03	6.291522858248299598926678299904e-12
1870	2.212524414052119414719754786347e-03	6.348421788260338871623389422894e-12
1880	2.273559570302063903568523528520e-03	6.405320718272378144320100545883e-12
1890	2.334594726552008392417292270693e-03	6.462219648284417417016811668873e-12
1900	2.395629882801952881266061012866e-03	6.519118578296456689713522791862e-12
1910	2.456665039051897370114829755039e-03	6.576017508308495962410233914852e-12
1920	2.517700195301841858963598497212e-03	6.632916438320535235106945037842e-12
1930	2.578735351551786347812367239385e-03	6.689815368332574507803656160831e-12
1940	2.639770507801730836661135981558e-03	6.746714298344613780500367283821e-12
1950	2.700805664051675325509904723731e-03	6.803613228356653053197078406811e-12
1960	2.761840820301619814358673465904e-03	6.860512158368692325893789529800e-12
1970	2.822875976551564303207442208077e-03	6.917411088380731598590500652790e-12
1980	2.883911132801508792056210950250e-03	6.974310018392770871287211775780e-12
1990	2.944946289051453280904979692423e-03	7.031208948404810143983922898769e-12
2000	3.005981445301397769753748434596e-03	7.088107878416849416680634021759e-12
2010	3.067016601551342258602517176769e-03	7.145006808428888689377345144749e-12
2020	3.128051757801286747451285918942e-03	7.201905738440927962074056267738e-12
2030	3.189086914051231236300054661115e-03	7.258804668452967234770767390728e-12
2040	3.250122070301175725148823403288e-03	7.315703598465006507467478513718e-12
2050	3.311157226551120213997592145461e-03	7.372602528477045780164189636707e-12
2060	3.372192382801064702846360887634e-03	7.429501458489085052860900759697e-12
2070	3.433227539051009191695129629807e-03	7.486400388501124325557611882687e-12
2080	3.494262695300953680543898371980e-03	7.543299318513163598254323005676e-12
2090	3.555297851550898169392667114153e-03	7.600198248525202870951034128666e-12
2100	3.616333007800842658241435856326e-03	7.657097178537242143647745251656e-12
2110	3.677368164050787147090204598499e-03	7.713996108549281416344456374645e-12
2120	3.738403320300731635938973340672e-03	7.770895038561320689041167497635e-12
2130	3.799438476550676124787742082844e-03	7.827793968573359961737878620625e-12
2140	3.860473632800620613636510825017e-03	7.884692898585399234434589743614e-12
2150	3.921508789050565102485279567190e-03	7.941591828597438507131300866604e-12
2160	3.982543945300509591334048309363e-03	7.998490758609477779828011989594e-12
2170	4.043579101550454080182817051536e-03	8.055389688621517052524723112583e-12
2180	4.104614257800398569031585793709e-03	8.112288618633556325221434235573e-12
2190	4.165649414050343057880354535882e-03	8.169187548645595597918145358562e-12
2200	4.226684570300287546729123278055e-03	8.226086478657634870614856481552e-12
2210	4.287719726550232035577892020228e-03	8.282985408669674143311567604542e-12
2220	4.348754882800176524426660762401e-03	8.339884338681713416008278727531e-12
2230	4.409790039050121013275429504574e-03	8.396783268693752688704989850521e-12
2240	4.470825195300065502124198246747e-03	8.453682198705791961401700973511e-12
2250	4.531860351550009990972966988920e-03	8.510581128717831234098412096500e-12
2260	4.592895507799954479821735731093e-03	8.567480058729870506795123219490e-12
2270	4.653930664049898968670504473266e-03	8.624378988741909779491834342480e-12
2280	4.714965820299843457519273215439e-03	8.681277918753949052188545465469e-12
2290	4.776000976549787946368041957612e-03	8.738176848765988324885256588459e-12
2300	4.837036132799732435216810699785e-03	8.795075778778027597581967711449e-12
2310	4.898071289049676924065579441958e-03	8.851974708790066870278678834438e-12
2320	4.959106445299621412914348184131e-03	8.908873638802106142975389957428e-12
2330	5.020141601549565901763116926304e-03	8.965772568814145415672101080418e-12
2340	5.081176757799510390611885668477e-03	9.022671498826184688368812203407e-12
2350	5.142211914049454879460654410650e-03	9.079570428838223961065523326397e-12
2360	5.203247070299399368309423152823e-03	9.136469358850263233762234449387e-12
2370	5.264282226549343857158191894996e-03	9.193368288862302506458945572376e-12
2380	5.325317382799288346006960637169e-03	9.250267218874341779155656695366e-12
2390	5.386352539049232834855729379342e-03	9.307166148886381051852367818356e-12
2400	5.447387695299177323704498121515e-03	9.364065078898420324549078941345e-12
2410	5.508422851549121812553266863688e-03	9.420964008910459597245790064335e-12
2420	5.569458007799066301402035605861e-03	9.477862938922498869942501187325e-12
2430	5.630493164049010790250804348034e-03	9.534761868934538142639212310314e-12
2440	5.691528320298955279099573090207e-03	9.591660798946577415335923433304e-12
2450	5.752563476548899767948341832380e-03	9.648559728958616688032634556293e-12
2460	5.813598632798844256797110574553e-03	9.705458658970655960729345679283e-12
2470	5.874633789048788745645879316726e-03	9.762357588982695233426056802273e-12
2480	5.935668945298733234494648058899e-03	9.819256518994734506122767925262e-12
2490	5.996704101548677723343416801072e-03	9.876155449006773778819479048252e-12
2500	6.057739257798622212192185543245e-03	9.933054379018813051516190171242e-12
2510	6.118774414048566701040954285418e-03	9.989953309030852324212901294231e-12
2520	6.179809570298511189889723027591e-03	1.004685223904289159690961241722e-11
2530	6.240844726548455678738491769764e-03	1.010375116905493086960632354021e-11
2540	6.301879882798400167587260511937e-03	1.016065009906697014230303466320e-11
2550	6.362915039048344656436029254110e-03	1.021754902907900941499974578619e-11
2560	6.408691406235789145284797996283e-03	1.027444795909104868769645690918e-11
2570	6.469726562485733634133566738456e-03	1.007555150422945189347956329584e-11
2580	6.530761718735678122982335480629e-03	9.848233339937451091827824711800e-12
2590	6.591796874985622611831104222802e-03	9.620915175645450290176086127758e-12
2600	6.652832031235567100679872964974e-03	9.393597011353449488524347543716e-12
2610	6.713867187485511589528641707147e-03	9.166278847061448686872608959675e-12
2620	6.774902343735456078377410449320e-03	8.938960682769447885220870375633e-12
2630	6.835937499985400567226179191493e-03	8.711642518477447083569131791592e-12
2640	6.896972656235345056074947933666e-03	8.484324354185446281917393207550e-12
2650	6.958007812485289544923716675839e-03	8.257006189893445480265654623508e-12
2660	7.019042968735234033772485418012e-03	8.029688025601444678613916039467e-12
2670	7.080078124985178522621254160185e-03	7.802369861309443876962177455425e-12
2680	7.141113281235123011470022902358e-03	7.575051697017443075310438871384e-12
2690	7.202148437485067500318791644531e-03	7.347733532725442273658700287342e-12
2700	7.263183593735011989167560386704e-03	7.120415368433441472006961703300e-12
2710	7.324218749984956478016329128877e-03	6.893097204141440670355223119259e-12
2720	7.385253906234900966865097871050e-03	6.665779039849439868703484535217e-12
2730	7.446289062484845455713866613223e-03	6.438460875557439067051745951176e-12
2740	7.507324218734789944562635355396e-03	6.211142711265438265400007367134e-12
2750	7.568359374984734433411404097569e-03	5.983824546973437463748268783092e-12
2760	7.629394531234678922260172839742e-03	5.756506382681436662096530199051e-12
2770	7.690429687484623411108941581915e-03	5.529188218389435860444791615009e-12
2780	7.751464843734567899957710324088e-03	5.301870054097435058793053030968e-12
2790	7.812499999984512388806479066261e-03	5.074551889805434257141314446926e-12
2800	7.873535156234456877655247808434e-03	4.847233725513433455489575862885e-12
2810	7.934570312484401366504016550607e-03	4.619915561221432653837837278843e-12
2820	7.995605468734345855352785292780e-03	4.392597396929431852186098694801e-12
2830	8.056640624984290344201554034953e-03	4.165279232637431050534360110760e-12
2840	8.117675781234234833050322777126e-03	3.937961068345430248882621526718e-12
2850	8.178710937484179321899091519299e-03	3.710642904053429447230882942677e-12
2860	8.239746093734123810747860261472e-03	3.483324739761428645579144358635e-12
2870	8.300781249984068299596629003645e-03	3.256006575469427843927405774593e-12
2880	8.361816406234012788445397745818e-03	3.028688411177427042275667190552e-12
2890	8.422851562483957277294166487991e-03	2.801370246885426240623928606510e-12
2900	8.483886718733901766142935230164e-03	2.574052082593425438972190022469e-12
2910	8.544921874983846254991703972337e-03	2.346733918301424637320451438427e-12
2920	8.605957031233790743840472714510e-03	2.119415754009423835668712854385e-12
2930	8.666992187483735232689241456683e-03	1.892097589717423034016974270344e-12
2940	8.728027343733679721538010198856e-03	1.664779425425422232365235686302e-12
2950	8.789062499983624210386778941029e-03	1.437461261133421430713497102261e-12
2960	8.850097656233568699235547683202e-03	1.210143096841420629061758518219e-12
2970	8.911132812483513188084316425375e-03	9.828249325494198274100199341774e-13
2980	8.972167968733457676933085167548e-03	7.555067682574190257582813501358e-13
2990	9.033203124983402165781853909721e-03	5.281886039654182241065427660942e-13
3000	9.094238281233346654630622651894e-03	3.008704396734174224548041820526e-13
3010	9.155273437483291143479391394067e-03	7.355227538141662080306559801102e-14
3020	9.216308593733235632328160136240e-03	1.537658889105841808486729860306e-13
3030	9.277343749983180121176928878413e-03	3.810840532025849825004115700722e-13
3040	9.338378906233124610025697620586e-03	6.084022174945857841521501541138e-13
3050	9.399414062483069098874466362759e-03	8.357203817865865858038887381554e-13
3060	9.460449218733013587723235104932e-03	1.063038546078587387455627322197e-12
3070	9.521484374982958076572003847104e-03	1.290356710370588189107365906239e-12
3080	9.582519531232902565420772589277e-03	1.517674874662588990759104490280e-12
3090	9.643554687482847054269541331450e-03	1.744993038954589792410843074322e-12
3100	9.704589843732791543118310073623e-03	1.972311203246590594062581658363e-12
3110	9.765624999982736031967078815796e-03	2.199629367538591395714320242405e-12
3120	9.826660156232680520815847557969e-03	2.426947531830592197366058826447e-12
3130	9.887695312482625009664616300142e-03	2.654265696122592999017797410488e-12
3140	9.948730468732569498513385042315e-03	2.881583860414593800669535994530e-12
3150	1.000976562498251398736215378449e-02	3.108902024706594602321274578571e-12
3160	1.007080078123245847621092252666e-02	3.336220188998595403973013162613e-12
3170	1.013183593748240296505969126883e-02	3.563538353290596205624751746655e-12
3180	1.019287109373234745390846001101e-02	3.790856517582597007276490330696e-12
3190	1.025390624998229194275722875318e-02	4.018174681874597808928228914738e-12
3200	1.031494140623223643160599749535e-02	4.245492846166598610579967498779e-12
3210	1.037597656248218092045476623753e-02	4.472811010458599412231706082821e-12
3220	1.043701171873212540930353497970e-02	4.700129174750600213883444666862e-12
3230	1.049804687498206989815230372187e-02	4.927447339042601015535183250904e-12
3240	1.055908203123201438700107246405e-02	5.154765503334601817186921834946e-12
3250	1.062011718748195887584984120622e-02	5.382083667626602618838660418987e-12
3260	1.068115234373190336469860994839e-02	5.609401831918603420490399003029e-12
3270	1.074218749998184785354737869056e-02	5.836719996210604222142137587070e-12
3280	1.080322265623179234239614743274e-02	6.064038160502605023793876171112e-12
3290	1.086425781248173683124491617491e-02	6.291356324794605825445614755154e-12
3300	1.092529296873168132009368491708e-02	6.518674489086606627097353339195e-12
3310	1.098632812498162580894245365926e-02	6.745992653378607428749091923237e-12
3320	1.104736328123157029779122240143e-02	6.973310817670608230400830507278e-12
3330	1.110839843748151478663999114360e-02	7.200628981962609032052569091320e-12
3340	1.116943359373145927548875988577e-02	7.427947146254609833704307675362e-12
3350	1.123046874998140376433752862795e-02	7.655265310546610635356046259403e-12
3360	1.129150390623134825318629737012e-02	7.882583474838611437007784843445e-12
3370	1.135253906248129274203506611229e-02	8.109901639130612238659523427486e-12
3380	1.141357421873123723088383485447e-02	8.337219803422613040311262011528e-12
3390	1.147460937498118171973260359664e-02	8.564537967714613841963000595570e-12
3400	1.153564453123112620858137233881e-02	8.791856132006614643614739179611e-12
3410	1.159667968748107069743014108099e-02	9.019174296298615445266477763653e-12
3420	1.165771484373101518627890982316e-02	9.246492460590616246918216347694e-12
3430	1.171874999998095967512767856533e-02	9.473810624882617048569954931736e-12
3440	1.177978515623090416397644730750e-02	9.701128789174617850221693515778e-12
3450	1.184082031248084865282521604968e-02	9.928446953466618651873432099819e-12
3460	1.190185546873079314167398479185e-02	1.015576511775861945352517068386e-11
3470	1.196289062498073763052275353402e-02	1.038308328205062025517690926790e-11
3480	1.202392578123068211937152227620e-02	1.061040144634262105682864785194e-11
3490	1.208496093748062660822029101837e-02	1.083771961063462185848038643599e-11
3500	1.214599609373057109706905976054e-02	1.106503777492662266013212502003e-11
3510	1.220703124998051558591782850272e-02	1.129235593921862346178386360407e-11
3520	1.226806640623046007476659724489e-02	1.151967410351062426343560218811e-11
3530	1.232910156248040456361536598706e-02	1.174699226780262506508734077215e-11
3540	1.239013671873034905246413472923e-02	1.197431043209462586673907935619e-11
3550	1.245117187498029354131290347141e-02	1.220162859638662666839081794024e-11
3560	1.251220703123023803016167221358e-02	1.242894676067862747004255652428e-11
3570	1.257324218748018251901044095575e-02	1.265626492497062827169429510832e-11
3580	1.263427734373012700785920969793e-02	1.288358308926262907334603369236e-11
3590	1.269531249998007149670797844010e-02	1.311090125355462987499777227640e-11
3600	1.275634765623001598555674718227e-02	1.333821941784663067664951086044e-11
3610	1.281738281247996047440551592445e-02	1.356553758213863147830124944448e-11
3620	1.287841796872990496325428466662e-02	1.379285574643063227995298802853e-11
3630	1.293945312497984945210305340879e-02	1.402017391072263308160472661257e-11
3640	1.300048828122979394095182215096e-02	1.424749207501463388325646519661e-11
3650	1.306152343747973842980059089314e-02	1.447481023930663468490820378065e-11
3660	1.312255859372968291864935963531e-02	1.470212840359863548655994236469e-11
3670	1.318359374997962740749812837748e-02	1.492944656789063628821168094873e-11
3680	1.324462890622957189634689711966e-02	1.515676473218263708986341953278e-11
3690	1.330566406247951638519566586183e-02	1.538408289647463789151515811682e-11
3700	1.336669921872946087404443460400e-02	1.561140106076663869316689670086e-11
3710	1.342773437497940536289320334618e-02	1.583871922505863949481863528490e-11
3720	1.348876953122934985174197208835e-02	1.606603738935064029647037386894e-11
3730	1.354980468747929434059074083052e-02	1.629335555364264109812211245298e-11
3740	1.361083984372923882943950957269e-02	1.652067371793464189977385103703e-11
3750	1.367187499997918331828827831487e-02	1.674799188222664270142558962107e-11
3760	1.373291015622912780713704705704e-02	1.697531004651864350307732820511e-11
3770	1.379394531247907229598581579921e-02	1.720262821081064430472906678915e-11
3780	1.385498046872901678483458454139e-02	1.742994637510264510638080537319e-11
3790	1.391601562497896127368335328356e-02	1.765726453939464590803254395723e-11
3800	1.397705078122890576253212202573e-02	1.788458270368664670968428254128e-11
3810	1.403808593747885025138089076790e-02	1.811190086797864751133602112532e-11
3820	1.409912109372879474022965951008e-02	1.833921903227064831298775970936e-11
3830	1.416015624997873922907842825225e-02	1.856653719656264911463949829340e-11
3840	1.422119140622868371792719699442e-02	1.879385536085464991629123687744e-11
3850	1.428222656247862820677596573660e-02	1.902117352514665071794297546148e-11
3860	1.434326171872857269562473447877e-02	1.924849168943865151959471404552e-11
3870	1.440429687497851718447350322094e-02	1.947580985373065232124645262957e-11
3880	1.446533203122846167332227196312e-02	1.970312801802265312289819121361e-11
3890	1.452636718747840616217104070529e-02	1.993044618231465392454992979765e-11
3900	1.458740234372835065101980944746e-02	2.015776434660665472620166838169e-11
3910	1.464843749997829513986857818963e-02	2.038508251089865552785340696573e-11
3920	1.470947265622823962871734693181e-02	2.061240067519065632950514554977e-11
3930	1.477050781247818411756611567398e-02	2.083971883948265713115688413382e-11
3940	1.483154296872812860641488441615e-02	2.106703700377465793280862271786e-11
3950	1.489257812497807309526365315833e-02	2.129435516806665873446036130190e-11
3960	1.495361328122801758411242190050e-02	2.152167333235865953611209988594e-11
3970	1.501464843747796207296119064267e-02	2.174899149665066033776383846998e-11
3980	1.507568359372790656180995938485e-02	2.197630966094266113941557705402e-11
3990	1.513671874997785105065872812702e-02	2.220362782523466194106731563807e-11
4000	1.519775390622779553950749686919e-02	2.243094598952666274271905422211e-11
4010	1.525878906247774002835626561136e-02	2.265826415381866354437079280615e-11
4020	1.531982421872768451720503435354e-02	2.288558231811066434602253139019e-11
4030	1.538085937497762900605380309571e-02	2.311290048240266514767426997423e-11
4040	1.544189453122757349490257183788e-02	2.334021864669466594932600855827e-11
4050	1.550292968747751798375134058006e-02	2.356753681098666675097774714231e-11
4060	1.556396484372746247260010932223e-02	2.379485497527866755262948572636e-11
4070	1.562499999997740696144887806440e-02	2.402217313957066835428122431040e-11
4080	1.568603515622735145029764680658e-02	2.424949130386266915593296289444e-11
4090	1.574707031247729593914641554875e-02	2.447680946815466995758470147848e-11
4100	1.580810546872724042799518429092e-02	2.470412763244667075923644006252e-11
4110	1.586914062497718491684395303309e-02	2.493144579673867156088817864656e-11
4120	1.593017578122712940569272177527e-02	2.515876396103067236253991723061e-11
4130	1.599121093747707389454149051744e-02	2.538608212532267316419165581465e-11
4140	1.605224609372701838339025925961e-02	2.561340028961467396584339439869e-11
4150	1.611328124997696287223902800179e-02	2.584071845390667476749513298273e-11
4160	1.617431640622690736108779674396e-02	2.606803661819867556914687156677e-11
4170	1.623535156247685184993656548613e-02	2.629535478249067637079861015081e-11
4180	1.629638671872679633878533422831e-02	2.652267294678267717245034873486e-11
4190	1.635742187497674082763410297048e-02	2.674999111107467797410208731890e-11
4200	1.641845703122668531648287171265e-02	2.697730927536667877575382590294e-11
4210	1.647949218747662980533164045482e-02	2.720462743965867957740556448698e-11
4220	1.654052734372657429418040919700e-02	2.743194560395068037905730307102e-11
4230	1.660156249997651878302917793917e-02	2.765926376824268118070904165506e-11
4240	1.666259765622646327187794668134e-02	2.788658193253468198236078023911e-11
4250	1.672363281247640776072671542352e-02	2.811390009682668278401251882315e-11
4260	1.678466796872635224957548416569e-02	2.834121826111868358566425740719e-11
4270	1.684570312497629673842425290786e-02	2.856853642541068438731599599123e-11
4280	1.690673828122624122727302165003e-02	2.879585458970268518896773457527e-11
4290	1.696777343747618571612179039221e-02	2.902317275399468599061947315931e-11
4300	1.702880859372613020497055913438e-02	2.925049091828668679227121174335e-11
4310	1.708984374997607469381932787655e-02	2.947780908257868759392295032740e-11
4320	1.715087890622601918266809661873e-02	2.970512724687068839557468891144e-11
4330	1.721191406247596367151686536090e-02	2.993244541116268919722642749548e-11
4340	1.727294921872590816036563410307e-02	3.015976357545468999887816607952e-11
4350	1.733398437497585264921440284525e-02	3.038708173974669080052990466356e-11
4360	1.739501953122579713806317158742e-02	3.061439990403869160218164324760e-11
4370	1.745605468747574162691194032959e-02	3.084171806833069240383338183165e-11
4380	1.751708984372568611576070907176e-02	3.106903623262269320548512041569e-11
4390	1.757812499997563060460947781394e-02	3.129635439691469400713685899973e-11
4400	1.763916015622557509345824655611e-02	3.152367256120669480878859758377e-11
4410	1.770019531247551958230701529828e-02	3.175099072549869561044033616781e-11
4420	1.776123046872546407115578404046e-02	3.197830888979069641209207475185e-11
4430	1.782226562497540856000455278263e-02	3.220562705408269721374381333590e-11
4440	1.788330078122535304885332152480e-02	3.243294521837469801539555191994e-11
4450	1.794433593747529753770209026698e-02	3.266026338266669881704729050398e-11
4460	1.800537109372524202655085900915e-02	3.288758154695869961869902908802e-11
4470	1.806640624997518651539962775132e-02	3.311489971125070042035076767206e-11
4480	1.812744140622513100424839649349e-02	3.334221787554270122200250625610e-11
4490	1.818847656247507549309716523567e-02	3.356953603983470202365424484015e-11
4500	1.824951171872501998194593397784e-02	3.379685420412670282530598342419e-11
4510	1.831054687497496447079470272001e-02	3.402417236841870362695772200823e-11
4520	1.837158203122490895964347146219e-02	3.425149053271070442860946059227e-11
4530	1.843261718747485344849224020436e-02	3.447880869700270523026119917631e-11
4540	1.849365234372479793734100894653e-02	3.470612686129470603191293776035e-11
4550	1.855468749997474242618977768871e-02	3.493344502558670683356467634439e-11
4560	1.861572265622468691503854643088e-02	3.516076318987870763521641492844e-11
4570	1.867675781247463140388731517305e-02	3.538808135417070843686815351248e-11
4580	1.873779296872457589273608391522e-02	3.561539951846270923851989209652e-11
4590	1.879882812497452038158485265740e-02	3.584271768275471004017163068056e-11
4600	1.885986328122446487043362139957e-02	3.607003584704671084182336926460e-11
4610	1.892089843747440935928239014174e-02	3.629735401133871164347510784864e-11
4620	1.898193359372435384813115888392e-02	3.652467217563071244512684643269e-11
4630	1.904296874997429833697992762609e-02	3.675199033992271324677858501673e-11
4640	1.910400390622424282582869636826e-02	3.697930850421471404843032360077e-11
4650	1.916503906247418731467746511044e-02	3.720662666850671485008206218481e-11
4660	1.922607421872413180352623385261e-02	3.743394483279871565173380076885e-11
4670	1.928710937497407629237500259478e-02	3.766126299709071645338553935289e-11
4680	1.934814453122402078122377133695e-02	3.788858116138271725503727793694e-11
4690	1.940917968747396527007254007913e-02	3.811589932567471805668901652098e-11
4700	1.947021484372390975892130882130e-02	3.834321748996671885834075510502e-11
4710	1.953124999997385424777007756347e-02	3.857053565425871965999249368906e-11
4720	1.959228515622379873661884630565e-02	3.879785381855072046164423227310e-11
4730	1.965332031247374322546761504782e-02	3.902517198284272126329597085714e-11
4740	1.971435546872368771431638378999e-02	3.925249014713472206494770944118e-11
4750	1.977539062497363220316515253216e-02	3.947980831142672286659944802523e-11
4760	1.983642578122357669201392127434e-02	3.970712647571872366825118660927e-11
4770	1.989746093747352118086269001651e-02	3.993444464001072446990292519331e-11
4780	1.995849609372346566971145875868e-02	4.016176280430272527155466377735e-11
4790	2.001953124997341015856022750086e-02	4.038908096859472607320640236139e-11
4800	2.008056640622335464740899624303e-02	4.061639913288672687485814094543e-11
4810	2.014160156247329913625776498520e-02	4.084371729717872767650987952948e-11
4820	2.020263671872324362510653372738e-02	4.107103546147072847816161811352e-11
4830	2.026367187497318811395530246955e-02	4.129835362576272927981335669756e-11
4840	2.032470703122313260280407121172e-02	4.152567179005473008146509528160e-11
4850	2.038574218747307709165283995389e-02	4.175298995434673088311683386564e-11
4860	2.044677734372302158050160869607e-02	4.198030811863873168476857244968e-11
4870	2.050781249997296606935037743824e-02	4.220762628293073248642031103373e-11
4880	2.056884765622291055819914618041e-02	4.243494444722273328807204961777e-11
4890	2.062988281247285504704791492259e-02	4.266226261151473408972378820181e-11
4900	2.069091796872279953589668366476e-02	4.288958077580673489137552678585e-11
4910	2.075195312497274402474545240693e-02	4.311689894009873569302726536989e-11
4920	2.081298828122268851359422114911e-02	4.334421710439073649467900395393e-11
4930	2.087402343747263300244298989128e-02	4.357153526868273729633074253798e-11
4940	2.093505859372257749129175863345e-02	4.379885343297473809798248112202e-11
4950	2.099609374997252198014052737562e-02	4.402617159726673889963421970606e-11
4960	2.105712890622246646898929611780e-02	4.425348976155873970128595829010e-11
4970	2.111816406247241095783806485997e-02	4.448080792585074050293769687414e-11
4980	2.117919921872235544668683360214e-02	4.470812609014274130458943545818e-11
4990	2.124023437497229993553560234432e-02	4.493544425443474210624117404222e-11
5000	2.130126953122224442438437108649e-02	4.516276241872674290789291262627e-11
5010	2.136230468747218891323313982866e-02	4.539008058301874370954465121031e-11
5020	2.142333984372213340208190857084e-02	4.561739874731074451119638979435e-11
5030	2.148437499997207789093067731301e-02	4.584471691160274531284812837839e-11
5040	2.154541015622202237977944605518e-02	4.607203507589474611449986696243e-11
5050	2.160644531247196686862821479735e-02	4.629935324018674691615160554647e-11
5060	2.166748046872191135747698353953e-02	4.652667140447874771780334413052e-11
5070	2.172851562497185584632575228170e-02	4.675398956877074851945508271456e-11
5080	2.178955078122180033517452102387e-02	4.698130773306274932110682129860e-11
5090	2.185058593747174482402328976605e-02	4.720862589735475012275855988264e-11
5100	2.191162109372168931287205850822e-02	4.743594406164675092441029846668e-11
5110	2.197265624997163380172082725039e-02	4.766326222593875172606203705072e-11
5120	2.203369140622157829056959599257e-02	4.783373697136994451284408569336e-11
5130	2.178955078122180033517452102387e-02	4.806133269141810160363093018532e-11
5140	2.154541015622202237977944605518e-02	4.828892841146625869441777467728e-11
5150	2.130126953122224442438437108649e-02	4.851652413151441578520461916924e-11
5160	2.105712890622246646898929611780e-02	4.874411985156257287599146366119e-11
5170	2.081298828122268851359422114911e-02	4.897171557161072996677830815315e-11
5180	2.056884765622291055819914618041e-02	4.919931129165888705756515264511e-11
5190	2.032470703122313260280407121172e-02	4.942690701170704414835199713707e-11
5200	2.008056640622335464740899624303e-02	4.965450273175520123913884162903e-11
5210	1.983642578122357669201392127434e-02	4.988209845180335832992568612099e-11
5220	1.959228515622379873661884630565e-02	5.010969417185151542071253061295e-11
5230	1.934814453122402078122377133695e-02	5.033728989189967251149937510490e-11
5240	1.910400390622424282582869636826e-02	5.056488561194782960228621959686e-11
5250	1.885986328122446487043362139957e-02	5.079248133199598669307306408882e-11
5260	1.861572265622468691503854643088e-02	5.102007705204414378385990858078e-11
5270	1.837158203122490895964347146219e-02	5.124767277209230087464675307274e-11
5280	1.812744140622513100424839649349e-02	5.147526849214045796543359756470e-11
5290	1.788330078122535304885332152480e-02	5.170286421218861505622044205666e-11
5300	1.763916015622557509345824655611e-02	5.193045993223677214700728654861e-11
5310	1.739501953122579713806317158742e-02	5.215805565228492923779413104057e-11
5320	1.715087890622601918266809661873e-02	5.238565137233308632858097553253e-11
5330	1.690673828122624122727302165003e-02	5.261324709238124341936782002449e-11
5340	1.666259765622646327187794668134e-02	5.284084281242940051015466451645e-11
5350	1.641845703122668531648287171265e-02	5.306843853247755760094150900841e-11
5360	1.617431640622690736108779674396e-02	5.329603425252571469172835350037e-11
5370	1.593017578122712940569272177527e-02	5.352362997257387178251519799232e-11
5380	1.568603515622735145029764680658e-02	5.375122569262202887330204248428e-11
5390	1.544189453122757349490257183788e-02	5.397882141267018596408888697624e-11
5400	1.519775390622779553950749686919e-02	5.420641713271834305487573146820e-11
5410	1.495361328122801758411242190050e-02	5.443401285276650014566257596016e-11
5420	1.470947265622823962871734693181e-02	5.466160857281465723644942045212e-11
5430	1.446533203122846167332227196312e-02	5.488920429286281432723626494408e-11
5440	1.422119140622868371792719699442e-02	5.511680001291097141802310943604e-11
5450	1.397705078122890576253212202573e-02	5.534439573295912850880995392799e-11
5460	1.373291015622912780713704705704e-02	5.557199145300728559959679841995e-11
5470	1.348876953122934985174197208835e-02	5.579958717305544269038364291191e-11
5480	1.324462890622957189634689711966e-02	5.602718289310359978117048740387e-11
5490	1.300048828122979394095182215096e-02	5.625477861315175687195733189583e-11
5500	1.275634765623001598555674718227e-02	5.648237433319991396274417638779e-11
5510	1.251220703123023803016167221358e-02	5.670997005324807105353102087975e-11
5520	1.226806640623046007476659724489e-02	5.693756577329622814431786537170e-11
5530	1.202392578123068211937152227620e-02	5.716516149334438523510470986366e-11
5540	1.177978515623090416397644730750e-02	5.739275721339254232589155435562e-11
5550	1.153564453123112620858137233881e-02	5.762035293344069941667839884758e-11
5560	1.129150390623134825318629737012e-02	5.784794865348885650746524333954e-11
5570	1.104736328123157029779122240143e-02	5.807554437353701359825208783150e-11
5580	1.080322265623179234239614743274e-02	5.830314009358517068903893232346e-11
5590	1.055908203123201438700107246405e-02	5.853073581363332777982577681541e-11
5600	1.031494140623223643160599749535e-02	5.875833153368148487061262130737e-11
5610	1.007080078123245847621092252666e-02	5.898592725372964196139946579933e-11
5620	9.826660156232680520815847557969e-03	5.921352297377779905218631029129e-11
5630	9.582519531232902565420772589277e-03	5.944111869382595614297315478325e-11
5640	9.338378906233124610025697620586e-03	5.966871441387411323375999927521e-11
5650	9.094238281233346654630622651894e-03	5.989631013392227032454684376717e-11
5660	8.850097656233568699235547683202e-03	6.012390585397042741533368825912e-11
5670	8.605957031233790743840472714510e-03	6.035150157401858450612053275108e-11
5680	8.361816406234012788445397745818e-03	6.057909729406674159690737724304e-11
5690	8.117675781234234833050322777126e-03	6.080669301411489868769422173500e-11
5700	7.873535156234456877655247808434e-03	6.103428873416305577848106622696e-11
5710	7.629394531234678922260172839742e-03	6.126188445421121286926791071892e-11
5720	7.385253906234900966865097871050e-03	6.148948017425936996005475521088e-11
5730	7.141113281235123011470022902358e-03	6.171707589430752705084159970284e-11
5740	6.896972656235345056074947933666e-03	6.194467161435568414162844419479e-11
5750	6.652832031235567100679872964974e-03	6.217226733440384123241528868675e-11
5760	6.408691406235789145284797996283e-03	6.239986305445199832320213317871e-11
5770	6.164550781236011189889723027591e-03	6.262745877450015541398897767067e-11
5780	5.920410156236233234494648058899e-03	6.285505449454831250477582216263e-11
5790	5.676269531236455279099573090207e-03	6.308265021459646959556266665459e-11
5800	5.432128906236677323704498121515e-03	6.331024593464462668634951114655e-11
5810	5.187988281236899368309423152823e-03	6.353784165469278377713635563850e-11
5820	4.943847656237121412914348184131e-03	6.376543737474094086792320013046e-11
5830	4.699707031237343457519273215439e-03	6.399303309478909795871004462242e-11
5840	4.455566406237565502124198246747e-03	6.422062881483725504949688911438e-11
5850	4.211425781237787546729123278055e-03	6.444822453488541214028373360634e-11
5860	3.967285156238009591334048309363e-03	6.467582025493356923107057809830e-11
5870	3.723144531238231635938973340672e-03	6.490341597498172632185742259026e-11
5880	3.479003906238453680543898371980e-03	6.513101169502988341264426708221e-11
5890	3.234863281238675725148823403288e-03	6.535860741507804050343111157417e-11
5900	2.990722656238897769753748434596e-03	6.558620313512619759421795606613e-11
5910	2.746582031239119814358673465904e-03	6.581379885517435468500480055809e-11
5920	2.502441406239341858963598497212e-03	6.604139457522251177579164505005e-11
5930	2.258300781239563903568523528520e-03	6.626899029527066886657848954201e-11
5940	2.014160156239785948173448559828e-03	6.649658601531882595736533403397e-11
5950	1.770019531240007992778373591136e-03	6.672418173536698304815217852592e-11
5960	1.525878906240230037383298622444e-03	6.695177745541514013893902301788e-11
5970	1.281738281240452081988223653752e-03	6.717937317546329722972586750984e-11
5980	1.037597656240674126593148685060e-03	6.740696889551145432051271200180e-11
5990	7.934570312408961711980737163685e-04	6.763456461555961141129955649376e-11
6000	5.493164062411182158029987476766e-04	6.786216033560776850208640098572e-11
6010	3.051757812413402604079237789847e-04	6.808975605565592559287324547768e-11
6020	6.103515624156230501284881029278e-05	6.831735177570408268366008996964e-11
6030	1.831054687582156503822261583991e-04	6.854494749575223977444693446159e-11
6040	4.272460937579936057773011270911e-04	6.877254321580039686523377895355e-11
6050	6.713867187577715611723760957830e-04	6.900013893584855395602062344551e-11
6060	9.155273437575495165674510644749e-04	6.922773465589671104680746793747e-11
6070	1.159667968757327471962526033167e-03	6.945533037594486813759431242943e-11
6080	1.403808593757105427357601001859e-03	6.968292609599302522838115692139e-11
6090	1.647949218756883382752675970551e-03	6.991052181604118231916800141335e-11
6100	1.892089843756661338147750939243e-03	7.013811753608933940995484590530e-11
6110	2.136230468756439293542825907934e-03	7.036571325613749650074169039726e-11
6120	2.380371093756217248937900876626e-03	7.059330897618565359152853488922e-11
6130	2.624511718755995204332975845318e-03	7.082090469623381068231537938118e-11
6140	2.868652343755773159728050814010e-03	7.104850041628196777310222387314e-11
6150	3.112792968755551115123125782702e-03	7.127609613633012486388906836510e-11
6160	3.356933593755329070518200751394e-03	7.150369185637828195467591285706e-11
6170	3.601074218755107025913275720086e-03	7.173128757642643904546275734901e-11
6180	3.845214843754884981308350688778e-03	7.195888329647459613624960184097e-11
6190	4.089355468754662936703425657470e-03	7.218647901652275322703644633293e-11
6200	4.333496093754440892098500626162e-03	7.241407473657091031782329082489e-11
6210	4.577636718754218847493575594854e-03	7.264167045661906740861013531685e-11
6220	4.821777343753996802888650563546e-03	7.286926617666722449939697980881e-11
6230	5.065917968753774758283725532237e-03	7.309686189671538159018382430077e-11
6240	5.310058593753552713678800500929e-03	7.332445761676353868097066879272e-11
6250	5.554199218753330669073875469621e-03	7.355205333681169577175751328468e-11
6260	5.798339843753108624468950438313e-03	7.377964905685985286254435777664e-11
6270	6.042480468752886579864025407005e-03	7.400724477690800995333120226860e-11
6280	6.286621093752664535259100375697e-03	7.423484049695616704411804676056e-11
6290	6.530761718752442490654175344389e-03	7.446243621700432413490489125252e-11
6300	6.774902343752220446049250313081e-03	7.469003193705248122569173574448e-11
6310	7.019042968751998401444325281773e-03	7.491762765710063831647858023643e-11
6320	7.263183593751776356839400250465e-03	7.514522337714879540726542472839e-11
6330	7.507324218751554312234475219157e-03	7.537281909719695249805226922035e-11
6340	7.751464843751332267629550187849e-03	7.560041481724510958883911371231e-11
6350	7.995605468751110223024625156540e-03	7.582801053729326667962595820427e-11
6360	8.239746093750888178419700125232e-03	7.605560625734142377041280269623e-11
6370	8.483886718750666133814775093924e-03	7.628320197738958086119964718819e-11
6380	8.728027343750444089209850062616e-03	7.651079769743773795198649168015e-11
6390	8.972167968750222044604925031308e-03	7.673839341748589504277333617210e-11
6400	9.216308593750000000000000000000e-03	7.696598913753405213356018066406e-11
6410	9.460449218749777955395074968692e-03	7.719358485758220922434702515602e-11
6420	9.704589843749555910790149937384e-03	7.742118057763036631513386964798e-11
6430	9.948730468749333866185224906076e-03	7.764877629767852340592071413994e-11
6440	1.019287109374911182158029987477e-02	7.787637201772668049670755863190e-11
6450	1.043701171874888977697537484346e-02	7.810396773777483758749440312386e-11
6460	1.068115234374866773237044981215e-02	7.833156345782299467828124761581e-11
6470	1.092529296874844568776552478084e-02	7.855915917787115176906809210777e-11
6480	1.116943359374822364316059974954e-02	7.878675489791930885985493659973e-11
6490	1.141357421874800159855567471823e-02	7.901435061796746595064178109169e-11
6500	1.165771484374777955395074968692e-02	7.924194633801562304142862558365e-11
6510	1.190185546874755750934582465561e-02	7.946954205806378013221547007561e-11
6520	1.214599609374733546474089962430e-02	7.969713777811193722300231456757e-11
6530	1.239013671874711342013597459299e-02	7.992473349816009431378915905952e-11
6540	1.263427734374689137553104956169e-02	8.015232921820825140457600355148e-11
6550	1.287841796874666933092612453038e-02	8.037992493825640849536284804344e-11
6560	1.312255859374644728632119949907e-02	8.060752065830456558614969253540e-11
6570	1.336669921874622524171627446776e-02	8.083511637835272267693653702736e-11
6580	1.361083984374600319711134943645e-02	8.106271209840087976772338151932e-11
6590	1.385498046874578115250642440515e-02	8.129030781844903685851022601128e-11
6600	1.409912109374555910790149937384e-02	8.151790353849719394929707050323e-11
6610	1.434326171874533706329657434253e-02	8.174549925854535104008391499519e-11
6620	1.458740234374511501869164931122e-02	8.197309497859350813087075948715e-11
6630	1.483154296874489297408672427991e-02	8.220069069864166522165760397911e-11
6640	1.507568359374467092948179924861e-02	8.242828641868982231244444847107e-11
6650	1.531982421874444888487687421730e-02	8.265588213873797940323129296303e-11
6660	1.556396484374422684027194918599e-02	8.288347785878613649401813745499e-11
6670	1.580810546874400479566702415468e-02	8.311107357883429358480498194695e-11
6680	1.605224609374378275106209912337e-02	8.333866929888245067559182643890e-11
6690	1.629638671874356070645717409207e-02	8.356626501893060776637867093086e-11
6700	1.654052734374333866185224906076e-02	8.379386073897876485716551542282e-11
6710	1.678466796874311661724732402945e-02	8.402145645902692194795235991478e-11
6720	1.702880859374289457264239899814e-02	8.424905217907507903873920440674e-11
6730	1.727294921874267252803747396683e-02	8.447664789912323612952604889870e-11
6740	1.751708984374245048343254893553e-02	8.470424361917139322031289339066e-11
6750	1.776123046874222843882762390422e-02	8.493183933921955031109973788261e-11
6760	1.800537109374200639422269887291e-02	8.515943505926770740188658237457e-11
6770	1.824951171874178434961777384160e-02	8.538703077931586449267342686653e-11
6780	1.849365234374156230501284881029e-02	8.561462649936402158346027135849e-11
6790	1.873779296874134026040792377898e-02	8.584222221941217867424711585045e-11
6800	1.898193359374111821580299874768e-02	8.606981793946033576503396034241e-11
6810	1.922607421874089617119807371637e-02	8.629741365950849285582080483437e-11
6820	1.947021484374067412659314868506e-02	8.652500937955664994660764932632e-11
6830	1.971435546874045208198822365375e-02	8.675260509960480703739449381828e-11
6840	1.995849609374023003738329862244e-02	8.698020081965296412818133831024e-11
6850	2.020263671874000799277837359114e-02	8.720779653970112121896818280220e-11
6860	2.044677734373978594817344855983e-02	8.743539225974927830975502729416e-11
6870	2.069091796873956390356852352852e-02	8.766298797979743540054187178612e-11
6880	2.093505859373934185896359849721e-02	8.789058369984559249132871627808e-11
6890	2.117919921873911981435867346590e-02	8.811817941989374958211556077003e-11
6900	2.142333984373889776975374843460e-02	8.834577513994190667290240526199e-11
6910	2.166748046873867572514882340329e-02	8.857337085999006376368924975395e-11
6920	2.191162109373845368054389837198e-02	8.880096658003822085447609424591e-11
6930	2.215576171873823163593897334067e-02	8.902856230008637794526293873787e-11
6940	2.239990234373800959133404830936e-02	8.925615802013453503604978322983e-11
6950	2.264404296873778754672912327806e-02	8.948375374018269212683662772179e-11
6960	2.288818359373756550212419824675e-02	8.971134946023084921762347221375e-11
6970	2.313232421873734345751927321544e-02	8.993894518027900630841031670570e-11
6980	2.337646484373712141291434818413e-02	9.016654090032716339919716119766e-11
6990	2.362060546873689936830942315282e-02	9.039413662037532048998400568962e-11
7000	2.386474609373667732370449812151e-02	9.062173234042347758077085018158e-11
7010	2.410888671873645527909957309021e-02	9.084932806047163467155769467354e-11
7020	2.435302734373623323449464805890e-02	9.107692378051979176234453916550e-11
7030	2.459716796873601118988972302759e-02	9.130451950056794885313138365746e-11
7040	2.484130859373578914528479799628e-02	9.153211522061610594391822814941e-11
7050	2.508544921873556710067987296497e-02	9.175971094066426303470507264137e-11
7060	2.532958984373534505607494793367e-02	9.198730666071242012549191713333e-11
7070	2.557373046873512301147002290236e-02	9.221490238076057721627876162529e-11
7080	2.581787109373490096686509787105e-02	9.244249810080873430706560611725e-11
7090	2.606201171873467892226017283974e-02	9.267009382085689139785245060921e-11
7100	2.630615234373445687765524780843e-02	9.289768954090504848863929510117e-11
7110	2.655029296873423483305032277713e-02	9.312528526095320557942613959312e-11
7120	2.679443359373401278844539774582e-02	9.335288098100136267021298408508e-11
7130	2.703857421873379074384047271451e-02	9.358047670104951976099982857704e-11
7140	2.728271484373356869923554768320e-02	9.380807242109767685178667306900e-11
7150	2.752685546873334665463062265189e-02	9.403566814114583394257351756096e-11
7160	2.777099609373312461002569762059e-02	9.426326386119399103336036205292e-11
7170	2.801513671873290256542077258928e-02	9.449085958124214812414720654488e-11
7180	2.825927734373268052081584755797e-02	9.471845530129030521493405103683e-11
7190	2.850341796873245847621092252666e-02	9.494605102133846230572089552879e-11
7200	2.874755859373223643160599749535e-02	9.517364674138661939650774002075e-11
7210	2.899169921873201438700107246405e-02	9.540124246143477648729458451271e-11
7220	2.923583984373179234239614743274e-02	9.562883818148293357808142900467e-11
7230	2.947998046873157029779122240143e-02	9.585643390153109066886827349663e-11
7240	2.972412109373134825318629737012e-02	9.608402962157924775965511798859e-11
7250	2.996826171873112620858137233881e-02	9.631162534162740485044196248055e-11
7260	3.021240234373090416397644730750e-02	9.653922106167556194122880697250e-11
7270	3.045654296873068211937152227620e-02	9.676681678172371903201565146446e-11
7280	3.070068359373046007476659724489e-02	9.699441250177187612280249595642e-11
7290	3.094482421873023803016167221358e-02	9.722200822182003321358934044838e-11
7300	3.118896484373001598555674718227e-02	9.744960394186819030437618494034e-11
7310	3.143310546872979394095182215096e-02	9.767719966191634739516302943230e-11
7320	3.167724609372957189634689711966e-02	9.790479538196450448594987392426e-11
7330	3.192138671872934985174197208835e-02	9.813239110201266157673671841621e-11
7340	3.216552734372912780713704705704e-02	9.835998682206081866752356290817e-11
7350	3.240966796872890576253212202573e-02	9.858758254210897575831040740013e-11
7360	3.265380859372868371792719699442e-02	9.881517826215713284909725189209e-11
7370	3.289794921872846167332227196312e-02	9.904277398220528993988409638405e-11
7380	3.314208984372823962871734693181e-02	9.927036970225344703067094087601e-11
7390	3.338623046872801758411242190050e-02	9.949796542230160412145778536797e-11
7400	3.363037109372779553950749686919e-02	9.972556114234976121224462985992e-11
7410	3.387451171872757349490257183788e-02	9.995315686239791830303147435188e-11
7420	3.411865234372735145029764680658e-02	1.001807525824460753938183188438e-10
7430	3.436279296872712940569272177527e-02	1.004083483024942324846051633358e-10
7440	3.460693359372690736108779674396e-02	1.006359440225423895753920078278e-10
7450	3.485107421872668531648287171265e-02	1.008635397425905466661788523197e-10
7460	3.509521484372646327187794668134e-02	1.010911354626387037569656968117e-10
7470	3.533935546872624122727302165003e-02	1.013187311826868608477525413036e-10
7480	3.558349609372601918266809661873e-02	1.015463269027350179385393857956e-10
7490	3.582763671872579713806317158742e-02	1.017739226227831750293262302876e-10
7500	3.607177734372557509345824655611e-02	1.020015183428313321201130747795e-10
7510	3.631591796872535304885332152480e-02	1.022291140628794892108999192715e-10
7520	3.656005859372513100424839649349e-02	1.024567097829276463016867637634e-10
7530	3.680419921872490895964347146219e-02	1.026843055029758033924736082554e-10
7540	3.704833984372468691503854643088e-02	1.029119012230239604832604527473e-10
7550	3.729248046872446487043362139957e-02	1.031394969430721175740472972393e-10
7560	3.753662109372424282582869636826e-02	1.033670926631202746648341417313e-10
7570	3.778076171872402078122377133695e-02	1.035946883831684317556209862232e-10
7580	3.802490234372379873661884630565e-02	1.038222841032165888464078307152e-10
7590	3.826904296872357669201392127434e-02	1.040498798232647459371946752071e-10
7600	3.851318359372335464740899624303e-02	1.042774755433129030279815196991e-10
7610	3.875732421872313260280407121172e-02	1.045050712633610601187683641911e-10
7620	3.900146484372291055819914618041e-02	1.047326669834092172095552086830e-10
7630	3.924560546872268851359422114911e-02	1.049602627034573743003420531750e-10
7640	3.948974609372246646898929611780e-02	1.051878584235055313911288976669e-10
7650	3.973388671872224442438437108649e-02	1.054154541435536884819157421589e-10
7660	3.997802734372202237977944605518e-02	1.056430498636018455727025866508e-10
7670	4.022216796872180033517452102387e-02	1.058706455836500026634894311428e-10
7680	4.046630859372157829056959599257e-02	1.060982413036981597542762756348e-10
7690	4.071044921872135624596467096126e-02	1.063258370237463168450631201267e-10
7700	4.095458984372113420135974592995e-02	1.065534327437944739358499646187e-10
7710	4.119873046872091215675482089864e-02	1.067810284638426310266368091106e-10
7720	4.144287109372069011214989586733e-02	1.070086241838907881174236536026e-10
7730	4.168701171872046806754497083602e-02	1.072362199039389452082104980946e-10
7740	4.193115234372024602294004580472e-02	1.074638156239871022989973425865e-10
7750	4.217529296872002397833512077341e-02	1.076914113440352593897841870785e-10
7760	4.241943359371980193373019574210e-02	1.079190070640834164805710315704e-10
7770	4.266357421871957988912527071079e-02	1.081466027841315735713578760624e-10
7780	4.290771484371935784452034567948e-02	1.083741985041797306621447205544e-10
7790	4.315185546871913579991542064818e-02	1.086017942242278877529315650463e-10
7800	4.339599609371891375531049561687e-02	1.088293899442760448437184095383e-10
7810	4.364013671871869171070557058556e-02	1.090569856643242019345052540302e-10
7820	4.388427734371846966610064555425e-02	1.092845813843723590252920985222e-10
7830	4.412841796871824762149572052294e-02	1.095121771044205161160789430141e-10
7840	4.437255859371802557689079549164e-02	1.097397728244686732068657875061e-10
7850	4.461669921871780353228587046033e-02	1.099673685445168302976526319981e-10
7860	4.486083984371758148768094542902e-02	1.101949642645649873884394764900e-10
7870	4.510498046871735944307602039771e-02	1.104225599846131444792263209820e-10
7880	4.534912109371713739847109536640e-02	1.106501557046613015700131654739e-10
7890	4.559326171871691535386617033510e-02	1.108777514247094586608000099659e-10
7900	4.583740234371669330926124530379e-02	1.111053471447576157515868544579e-10
7910	4.608154296871647126465632027248e-02	1.113329428648057728423736989498e-10
7920	4.632568359371624922005139524117e-02	1.115605385848539299331605434418e-10
7930	4.656982421871602717544647020986e-02	1.117881343049020870239473879337e-10
7940	4.681396484371580513084154517855e-02	1.120157300249502441147342324257e-10
7950	4.705810546871558308623662014725e-02	1.122433257449984012055210769176e-10
7960	4.730224609371536104163169511594e-02	1.124709214650465582963079214096e-10
7970	4.754638671871513899702677008463e-02	1.126985171850947153870947659016e-10
7980	4.779052734371491695242184505332e-02	1.129261129051428724778816103935e-10
7990	4.803466796871469490781692002201e-02	1.131537086251910295686684548855e-10
8000	4.827880859371447286321199499071e-02	1.133813043452391866594552993774e-10
8010	4.852294921871425081860706995940e-02	1.136089000652873437502421438694e-10
8020	4.876708984371402877400214492809e-02	1.138364957853355008410289883614e-10
8030	4.901123046871380672939721989678e-02	1.140640915053836579318158328533e-10
8040	4.925537109371358468479229486547e-02	1.142916872254318150226026773453e-10
8050	4.949951171871336264018736983417e-02	1.145192829454799721133895218372e-10
8060	4.974365234371314059558244480286e-02	1.147468786655281292041763663292e-10
8070	4.998779296871291855097751977155e-02	1.149744743855762862949632108212e-10
8080	5.023193359371269650637259474024e-02	1.152020701056244433857500553131e-10
8090	5.047607421871247446176766970893e-02	1.154296658256726004765368998051e-10
8100	5.072021484371225241716274467763e-02	1.156572615457207575673237442970e-10
8110	5.096435546871203037255781964632e-02	1.158848572657689146581105887890e-10
8120	5.120849609371180832795289461501e-02	1.161124529858170717488974332809e-10
8130	5.145263671871158628334796958370e-02	1.163400487058652288396842777729e-10
8140	5.169677734371136423874304455239e-02	1.165676444259133859304711222649e-10
8150	5.194091796871114219413811952109e-02	1.167952401459615430212579667568e-10
8160	5.218505859371092014953319448978e-02	1.170228358660097001120448112488e-10
8170	5.242919921871069810492826945847e-02	1.172504315860578572028316557407e-10
8180	5.267333984371047606032334442716e-02	1.174780273061060142936185002327e-10
8190	5.291748046871025401571841939585e-02	1.177056230261541713844053447247e-10
8200	5.316162109371003197111349436454e-02	1.179332187462023284751921892166e-10
8210	5.340576171870980992650856933324e-02	1.181608144662504855659790337086e-10
8220	5.364990234370958788190364430193e-02	1.183884101862986426567658782005e-10
8230	5.389404296870936583729871927062e-02	1.186160059063467997475527226925e-10
8240	5.413818359370914379269379423931e-02	1.188436016263949568383395671844e-10
8250	5.438232421870892174808886920800e-02	1.190711973464431139291264116764e-10
8260	5.462646484370869970348394417670e-02	1.192987930664912710199132561684e-10
8270	5.487060546870847765887901914539e-02	1.195263887865394281107001006603e-10
8280	5.511474609370825561427409411408e-02	1.197539845065875852014869451523e-10
8290	5.535888671870803356966916908277e-02	1.199815802266357422922737896442e-10
8300	5.560302734370781152506424405146e-02	1.202091759466838993830606341362e-10
8310	5.584716796870758948045931902016e-02	1.204367716667320564738474786282e-10
8320	5.609130859370736743585439398885e-02	1.206643673867802135646343231201e-10
8330	5.633544921870714539124946895754e-02	1.208919631068283706554211676121e-10
8340	5.657958984370692334664454392623e-02	1.211195588268765277462080121040e-10
8350	5.682373046870670130203961889492e-02	1.213471545469246848369948565960e-10
8360	5.706787109370647925743469386362e-02	1.215747502669728419277817010880e-10
8370	5.731201171870625721282976883231e-02	1.218023459870209990185685455799e-10
8380	5.755615234370603516822484380100e-02	1.220299417070691561093553900719e-10
8390	5.780029296870581312361991876969e-02	1.222575374271173132001422345638e-10
8400	5.804443359370559107901499373838e-02	1.224851331471654702909290790558e-10
8410	5.828857421870536903441006870707e-02	1.227127288672136273817159235477e-10
8420	5.853271484370514698980514367577e-02	1.229403245872617844725027680397e-10
8430	5.877685546870492494520021864446e-02	1.231679203073099415632896125317e-10
8440	5.902099609370470290059529361315e-02	1.233955160273580986540764570236e-10
8450	5.926513671870448085599036858184e-02	1.236231117474062557448633015156e-10
8460	5.950927734370425881138544355053e-02	1.238507074674544128356501460075e-10
8470	5.975341796870403676678051851923e-02	1.240783031875025699264369904995e-10
8480	5.999755859370381472217559348792e-02	1.243058989075507270172238349915e-10
8490	6.024169921870359267757066845661e-02	1.245334946275988841080106794834e-10
8500	6.048583984370337063296574342530e-02	1.247610903476470411987975239754e-10
8510	6.072998046870314858836081839399e-02	1.249886860676951982895843684673e-10
8520	6.097412109370292654375589336269e-02	1.252162817877433553803712129593e-10
8530	6.121826171870270449915096833138e-02	1.254438775077915124711580574512e-10
8540	6.146240234370248245454604330007e-02	1.256714732278396695619449019432e-10
8550	6.170654296870226040994111826876e-02	1.258990689478878266527317464352e-10
8560	6.195068359370203836533619323745e-02	1.261266646679359837435185909271e-10
8570	6.219482421870181632073126820615e-02	1.263542603879841408343054354191e-10
8580	6.243896484370159427612634317484e-02	1.265818561080322979250922799110e-10
8590	6.268310546870137223152141814353e-02	1.268094518280804550158791244030e-10
8600	6.292724609370115018691649311222e-02	1.270370475481286121066659688950e-10
8610	6.317138671870092814231156808091e-02	1.272646432681767691974528133869e-10
8620	6.341552734370070609770664304961e-02	1.274922389882249262882396578789e-10
8630	6.365966796870048405310171801830e-02	1.277198347082730833790265023708e-10
8640	6.390380859370026200849679298699e-02	1.279474304283212404698133468628e-10
8650	6.414794921870003996389186795568e-02	1.281750261483693975606001913548e-10
8660	6.439208984369981791928694292437e-02	1.284026218684175546513870358467e-10
8670	6.463623046869959587468201789306e-02	1.286302175884657117421738803387e-10
8680	6.488037109369937383007709286176e-02	1.288578133085138688329607248306e-10
8690	6.512451171869915178547216783045e-02	1.290854090285620259237475693226e-10
8700	6.536865234369892974086724279914e-02	1.293130047486101830145344138145e-10
8710	6.561279296869870769626231776783e-02	1.295406004686583401053212583065e-10
8720	6.585693359369848565165739273652e-02	1.297681961887064971961081027985e-10
8730	6.610107421869826360705246770522e-02	1.299957919087546542868949472904e-10
8740	6.634521484369804156244754267391e-02	1.302233876288028113776817917824e-10
8750	6.658935546869781951784261764260e-02	1.304509833488509684684686362743e-10
8760	6.683349609369759747323769261129e-02	1.306785790688991255592554807663e-10
8770	6.707763671869737542863276757998e-02	1.309061747889472826500423252583e-10
8780	6.732177734369715338402784254868e-02	1.311337705089954397408291697502e-10
8790	6.756591796869693133942291751737e-02	1.313613662290435968316160142422e-10
8800	6.781005859369670929481799248606e-02	1.315889619490917539224028587341e-10
8810	6.805419921869648725021306745475e-02	1.318165576691399110131897032261e-10
8820	6.829833984369626520560814242344e-02	1.320441533891880681039765477180e-10
8830	6.854248046869604316100321739214e-02	1.322717491092362251947633922100e-10
8840	6.878662109369582111639829236083e-02	1.324993448292843822855502367020e-10
8850	6.903076171869559907179336732952e-02	1.327269405493325393763370811939e-10
8860	6.927490234369537702718844229821e-02	1.329545362693806964671239256859e-10
8870	6.951904296869515498258351726690e-02	1.331821319894288535579107701778e-10
8880	6.976318359369493293797859223559e-02	1.334097277094770106486976146698e-10
8890	7.000732421869471089337366720429e-02	1.336373234295251677394844591618e-10
8900	7.025146484369448884876874217298e-02	1.338649191495733248302713036537e-10
8910	7.049560546869426680416381714167e-02	1.340925148696214819210581481457e-10
8920	7.073974609369404475955889211036e-02	1.343201105896696390118449926376e-10
8930	7.098388671869382271495396707905e-02	1.345477063097177961026318371296e-10
8940	7.122802734369360067034904204775e-02	1.347753020297659531934186816216e-10
8950	7.147216796869337862574411701644e-02	1.350028977498141102842055261135e-10
8960	7.171630859369315658113919198513e-02	1.352304934698622673749923706055e-10
8970	7.196044921869293453653426695382e-02	1.354580891899104244657792150974e-10
8980	7.220458984369271249192934192251e-02	1.356856849099585815565660595894e-10
8990	7.244873046869249044732441689121e-02	1.359132806300067386473529040813e-10
9000	7.269287109369226840271949185990e-02	1.361408763500548957381397485733e-10
9010	7.293701171869204635811456682859e-02	1.363684720701030528289265930653e-10
9020	7.318115234369182431350964179728e-02	1.365960677901512099197134375572e-10
9030	7.342529296869160226890471676597e-02	1.368236635101993670105002820492e-10
9040	7.366943359369138022429979173467e-02	1.370512592302475241012871265411e-10
9050	7.391357421869115817969486670336e-02	1.372788549502956811920739710331e-10
9060	7.415771484369093613508994167205e-02	1.375064506703438382828608155251e-10
9070	7.440185546869071409048501664074e-02	1.377340463903919953736476600170e-10
9080	7.464599609369049204588009160943e-02	1.379616421104401524644345045090e-10
9090	7.489013671869027000127516657813e-02	1.381892378304883095552213490009e-10
9100	7.513427734369004795667024154682e-02	1.384168335505364666460081934929e-10
9110	7.537841796868982591206531651551e-02	1.386444292705846237367950379848e-10
9120	7.562255859368960386746039148420e-02	1.388720249906327808275818824768e-10
9130	7.586669921868938182285546645289e-02	1.390996207106809379183687269688e-10
9140	7.611083984368915977825054142158e-02	1.393272164307290950091555714607e-10
9150	7.635498046868893773364561639028e-02	1.395548121507772520999424159527e-10
9160	7.659912109368871568904069135897e-02	1.397824078708254091907292604446e-10
9170	7.684326171868849364443576632766e-02	1.400100035908735662815161049366e-10
9180	7.708740234368827159983084129635e-02	1.402375993109217233723029494286e-10
9190	7.733154296868804955522591626504e-02	1.404651950309698804630897939205e-10
9200	7.757568359368782751062099123374e-02	1.406927907510180375538766384125e-10
9210	7.781982421868760546601606620243e-02	1.409203864710661946446634829044e-10
9220	7.806396484368738342141114117112e-02	1.411479821911143517354503273964e-10
9230	7.830810546868716137680621613981e-02	1.413755779111625088262371718884e-10
9240	7.855224609368693933220129110850e-02	1.416031736312106659170240163803e-10
9250	7.879638671868671728759636607720e-02	1.418307693512588230078108608723e-10
9260	7.904052734368649524299144104589e-02	1.420583650713069800985977053642e-10
9270	7.928466796868627319838651601458e-02	1.422859607913551371893845498562e-10
9280	7.952880859368605115378159098327e-02	1.425135565114032942801713943481e-10
9290	7.977294921868582910917666595196e-02	1.427411522314514513709582388401e-10
9300	8.001708984368560706457174092066e-02	1.429687479514996084617450833321e-10
9310	8.026123046868538501996681588935e-02	1.431963436715477655525319278240e-10
9320	8.050537109368516297536189085804e-02	1.434239393915959226433187723160e-10
9330	8.074951171868494093075696582673e-02	1.436515351116440797341056168079e-10
9340	8.099365234368471888615204079542e-02	1.438791308316922368248924612999e-10
9350	8.123779296868449684154711576412e-02	1.441067265517403939156793057919e-10
9360	8.148193359368427479694219073281e-02	1.443343222717885510064661502838e-10
9370	8.172607421868405275233726570150e-02	1.445619179918367080972529947758e-10
9380	8.197021484368383070773234067019e-02	1.447895137118848651880398392677e-10
9390	8.221435546868360866312741563888e-02	1.450171094319330222788266837597e-10
9400	8.245849609368338661852249060757e-02	1.452447051519811793696135282516e-10
9410	8.270263671868316457391756557627e-02	1.454723008720293364604003727436e-10
9420	8.294677734368294252931264054496e-02	1.456998965920774935511872172356e-10
9430	8.319091796868272048470771551365e-02	1.459274923121256506419740617275e-10
9440	8.343505859368249844010279048234e-02	1.461550880321738077327609062195e-10
9450	8.367919921868227639549786545103e-02	1.463826837522219648235477507114e-10
9460	8.392333984368205435089294041973e-02	1.466102794722701219143345952034e-10
9470	8.416748046868183230628801538842e-02	1.468378751923182790051214396954e-10
9480	8.441162109368161026168309035711e-02	1.470654709123664360959082841873e-10
9490	8.465576171868138821707816532580e-02	1.472930666324145931866951286793e-10
9500	8.489990234368116617247324029449e-02	1.475206623524627502774819731712e-10
9510	8.514404296868094412786831526319e-02	1.477482580725109073682688176632e-10
9520	8.538818359368072208326339023188e-02	1.479758537925590644590556621552e-10
9530	8.563232421868050003865846520057e-02	1.482034495126072215498425066471e-10
9540	8.587646484368027799405354016926e-02	1.484310452326553786406293511391e-10
9550	8.612060546868005594944861513795e-02	1.486586409527035357314161956310e-10
9560	8.636474609367983390484369010665e-02	1.488862366727516928222030401230e-10
9570	8.660888671867961186023876507534e-02	1.491138323927998499129898846149e-10
9580	8.685302734367938981563384004403e-02	1.493414281128480070037767291069e-10
9590	8.709716796867916777102891501272e-02	1.495690238328961640945635735989e-10
9600	8.734130859367894572642398998141e-02	1.497966195529443211853504180908e-10
9610	8.758544921867872368181906495010e-02	1.500242152729924782761372625828e-10
9620	8.782958984367850163721413991880e-02	1.502518109930406353669241070747e-10
9630	8.807373046867827959260921488749e-02	1.504794067130887924577109515667e-10
9640	8.831787109367805754800428985618e-02	1.507070024331369495484977960587e-10
9650	8.856201171867783550339936482487e-02	1.509345981531851066392846405506e-10
9660	8.880615234367761345879443979356e-02	1.511621938732332637300714850426e-10
9670	8.905029296867739141418951476226e-02	1.513897895932814208208583295345e-10
9680	8.929443359367716936958458973095e-02	1.516173853133295779116451740265e-10
9690	8.953857421867694732497966469964e-02	1.518449810333777350024320185184e-10
9700	8.978271484367672528037473966833e-02	1.520725767534258920932188630104e-10
9710	9.002685546867650323576981463702e-02	1.523001724734740491840057075024e-10
9720	9.027099609367628119116488960572e-02	1.525277681935222062747925519943e-10
9730	9.051513671867605914655996457441e-02	1.527553639135703633655793964863e-10
9740	9.075927734367583710195503954310e-02	1.529829596336185204563662409782e-10
9750	9.100341796867561505735011451179e-02	1.532105553536666775471530854702e-10
9760	9.124755859367539301274518948048e-02	1.534381510737148346379399299622e-10
9770	9.149169921867517096814026444918e-02	1.536657467937629917287267744541e-10
9780	9.173583984367494892353533941787e-02	1.538933425138111488195136189461e-10
9790	9.197998046867472687893041438656e-02	1.541209382338593059103004634380e-10
9800	9.222412109367450483432548935525e-02	1.543485339539074630010873079300e-10
9810	9.246826171867428278972056432394e-02	1.545761296739556200918741524220e-10
9820	9.271240234367406074511563929264e-02	1.548037253940037771826609969139e-10
9830	9.295654296867383870051071426133e-02	1.550313211140519342734478414059e-10
9840	9.320068359367361665590578923002e-02	1.552589168341000913642346858978e-10
9850	9.344482421867339461130086419871e-02	1.554865125541482484550215303898e-10
9860	9.368896484367317256669593916740e-02	1.557141082741964055458083748817e-10
9870	9.393310546867295052209101413609e-02	1.559417039942445626365952193737e-10
9880	9.417724609367272847748608910479e-02	1.561692997142927197273820638657e-10
9890	9.442138671867250643288116407348e-02	1.563968954343408768181689083576e-10
9900	9.466552734367228438827623904217e-02	1.566244911543890339089557528496e-10
9910	9.490966796867206234367131401086e-02	1.568520868744371909997425973415e-10
9920	9.515380859367184029906638897955e-02	1.570796825944853480905294418335e-10
9930	9.539794921867161825446146394825e-02	1.573072783145335051813162863255e-10
9940	9.564208984367139620985653891694e-02	1.575348740345816622721031308174e-10
9950	9.588623046867117416525161388563e-02	1.577624697546298193628899753094e-10
9960	9.613037109367095212064668885432e-02	1.579900654746779764536768198013e-10
9970	9.637451171867073007604176382301e-02	1.582176611947261335444636642933e-10
9980	9.661865234367050803143683879171e-02	1.584452569147742906352505087852e-10
9990	9.686279296867028598683191376040e-02	1.586728526348224477260373532772e-10
10000	9.710693359367006394222698872909e-02	1.589004483548706048168241977692e-10
